{
  "qlearning": {
    "final_mean": -50.366,
    "final_std": 6.563002666462967,
    "convergence_mean": 1000.0,
    "convergence_std": 0.0,
    "aulc_mean": -66.04074999999999,
    "aulc_std": 2.2416612115794843,
    "convergence_episodes": [
      1000,
      1000,
      1000,
      1000,
      1000,
      1000,
      1000,
      1000,
      1000,
      1000,
      1000,
      1000,
      1000,
      1000,
      1000,
      1000,
      1000,
      1000,
      1000,
      1000
    ],
    "aulc_values": [
      -68.291,
      -67.758,
      -69.116,
      -66.453,
      -64.286,
      -64.246,
      -67.022,
      -66.64,
      -61.76,
      -67.032,
      -63.494,
      -64.742,
      -64.608,
      -63.419,
      -66.801,
      -67.474,
      -66.909,
      -62.234,
      -68.979,
      -69.551
    ]
  },
  "sarsa": {
    "final_mean": -20.918,
    "final_std": 2.370355669514599,
    "convergence_mean": 548.2,
    "convergence_std": 223.87643913551958,
    "aulc_mean": -46.77945,
    "aulc_std": 1.4172592732100933,
    "convergence_episodes": [
      494,
      653,
      379,
      483,
      281,
      330,
      604,
      577,
      566,
      1000,
      456,
      233,
      1000,
      542,
      467,
      327,
      333,
      1000,
      613,
      626
    ],
    "aulc_values": [
      -45.433,
      -46.512,
      -49.241,
      -49.304,
      -46.223,
      -43.922,
      -46.476,
      -48.49,
      -46.987,
      -47.13,
      -45.386,
      -46.004,
      -47.314,
      -46.861,
      -48.319,
      -44.378,
      -45.944,
      -46.37,
      -48.3,
      -46.995
    ]
  }
}